vpa,transDate,status,response,error
yahvipay.1759126224625@kvb,2025-09-28T00:00:00,Success,"{""transId"":""RRN543776427223""}",
yahvipay.1759126224625@kvb,2025-09-28T01:00:00,Success,"{""transId"":""RRN301647133964""}",
yahvipay.1759126224625@kvb,2025-09-28T02:00:00,Success,"{""transId"":""RRN782110189557""}",
yahvipay.1759126224625@kvb,2025-09-28T03:00:00,Success,"{""transId"":""RRN572623960796""}",
yahvipay.1759126224625@kvb,2025-09-28T04:00:00,Success,"{""transId"":""RRN386549291854""}",
yahvipay.1759126224625@kvb,2025-09-28T05:00:00,Success,"{""transId"":""RRN557316782228""}",
yahvipay.1759126224625@kvb,2025-09-28T06:00:00,Success,"{""transId"":""RRN862252357415""}",
yahvipay.1759126224625@kvb,2025-09-28T07:00:00,Success,"{""transId"":""RRN948662297807""}",
yahvipay.1759126224625@kvb,2025-09-28T08:00:00,Success,"{""transId"":""RRN45476521756""}",
yahvipay.1759126224625@kvb,2025-09-28T09:00:00,Success,"{""transId"":""RRN411377994099""}",
yahvipay.1759126224625@kvb,2025-09-28T10:00:00,Success,"{""transId"":""RRN43524620907""}",
yahvipay.1759126224625@kvb,2025-09-28T11:00:00,Success,"{""transId"":""RRN740852434307""}",
yahvipay.1759126224625@kvb,2025-09-28T12:00:00,Success,"{""transId"":""RRN755903518449""}",
yahvipay.1759126224625@kvb,2025-09-28T13:00:00,Success,"{""transId"":""RRN123213036077""}",
yahvipay.1759126224625@kvb,2025-09-28T14:00:00,Success,"{""transId"":""RRN888115519029""}",
yahvipay.1759126224625@kvb,2025-09-28T15:00:00,Success,"{""transId"":""RRN419337477652""}",
yahvipay.1759126224625@kvb,2025-09-28T16:00:00,Success,"{""transId"":""RRN359615581890""}",
yahvipay.1759126224625@kvb,2025-09-28T17:00:00,Success,"{""transId"":""RRN230765422217""}",
yahvipay.1759126224625@kvb,2025-09-28T18:00:00,Success,"{""transId"":""RRN124867405028""}",
yahvipay.1759126224625@kvb,2025-09-28T19:00:00,Success,"{""transId"":""RRN999857238167""}",
yahvipay.1759126224625@kvb,2025-09-28T20:00:00,Success,"{""transId"":""RRN349389791218""}",
yahvipay.1759126224625@kvb,2025-09-28T21:00:00,Success,"{""transId"":""RRN810319605564""}",
yahvipay.1759126224625@kvb,2025-09-28T22:00:00,Success,"{""transId"":""RRN37377875566""}",
yahvipay.1759126224625@kvb,2025-09-28T23:00:00,Success,"{""transId"":""RRN39386707040""}",